DROP TABLE IF EXISTS `districts`;
CREATE TABLE `districts`
(
    `id`        int                                                           NOT NULL AUTO_INCREMENT,
    `name`      varchar(30) CHARACTER SET utf8mb4 COLLATE utf8mb4_unicode_ci  NOT NULL,
    `name_mm`   varchar(255) CHARACTER SET utf8mb4 COLLATE utf8mb4_unicode_ci NOT NULL,
    `order_no`  int                                                           NOT NULL,
    `region_id` int                                                           NOT NULL,
    PRIMARY KEY (`id`)
) ENGINE = InnoDB
  DEFAULT CHARSET = utf8mb4
  COLLATE = utf8mb4_unicode_ci;

INSERT INTO `districts` (`id`, `name`, `name_mm`, `order_no`, `region_id`)
VALUES (1, 'Myitkyina', 'မြစ်ကြီးနားခရိုင်', 1, 1),
       (2, 'Moenyin', 'မိုးညှင်းခရိုင်', 2, 1),
       (3, 'Bamaw', 'ဗန်းမော်ခရိုင်', 3, 1),
       (4, 'Putao', 'ပူတာအိုခရိုင်', 4, 1),
       (5, 'Loilin', 'လွိုင်ကော်ခရိုင်', 5, 2),
       (6, 'Bawlakhe', '‌ဘောလခဲခရိုင်', 6, 2),
       (7, 'Hpa Ann', 'ဘားအံခရိုင်', 7, 3),
       (8, 'Kaw Kayeik', '‌ကော့ကရိတ်ခရိုင်', 8, 3),
       (9, 'Ha Hka', 'ဟားခါးခရိုင်', 9, 4),
       (10, 'Pha Lam', 'ဖလမ်းခရိုင်', 10, 4),
       (11, 'Min Dat', 'မင်းတပ်ခရိုင်', 11, 4),
       (12, 'Sagaing', 'စစ်ကိုင်းခရိုင်', 12, 5),
       (13, 'Shwebo', '‌ရွှေဘိုခရိုင်', 13, 5),
       (14, 'Monywa', 'မုံရွာခရိုင်', 14, 5),
       (15, 'Yin Mar Pin', 'ယင်းမာပင်ခရိုင်', 15, 5),
       (16, 'Katha', 'ကသာခရိုင်', 16, 5),
       (17, 'Kalay', 'ကလေးခရိုင်', 17, 5),
       (18, 'Mawlite', 'မော်လိုက်ခရိုင်', 18, 5),
       (19, 'Khan Tee', 'ခန္တီးခရိုင်', 19, 5),
       (20, 'Tavoy', 'ထားဝယ်ခရိုင်', 20, 6),
       (21, 'Myeik', 'မြိတ်ခရိုင်', 21, 6),
       (22, 'Pegu', 'ပဲခူးခရိုင်', 22, 7),
       (23, 'Taung Ngoo', '‌တောင်ငူခရိုင်', 23, 7),
       (24, 'Taryarwady', 'သာယာဝတီခရိုင်', 24, 8),
       (25, 'Pyay', 'ပြည်ခရိုင်', 25, 8),
       (26, 'Magway', 'မကွေးခရိုင်ချုပ်', 26, 9),
       (27, 'Min Buu', 'မင်းဘူးခရိုင်ချုပ်', 27, 9),
       (28, 'Thayak', 'သရက်ခရိုင်ချုပ်', 28, 9),
       (29, 'Pakhoakkku', 'ပခုက္ကူခရိုင်', 29, 9),
       (30, 'Kant Kaw', 'ဂန့်ဂေါခရိုင်ချုပ်', 30, 9),
       (31, 'Mandalay', 'မန္တလေးခရိုင်', 31, 10),
       (32, 'Pyin Oo Lwin', 'ပြင်ဦးလွင်ခရိုင်', 32, 10),
       (33, 'Kyaukse', '‌ကျောက်ဆည်ခရိုင်', 33, 10),
       (34, 'Myinchan', 'မြင်းခြံခရိုင်', 34, 10),
       (35, 'Nyaung Oo', '‌ညောင်ဦးခရိုင်', 35, 10),
       (36, 'Myeikhtila', 'မိတ္ထီလာခရိုင်', 36, 10),
       (37, 'Yamethin', 'ရမည်းသင်းခရိုင်', 37, 10),
       (38, 'Thaton', 'သထုံခရိုင်', 38, 11),
       (39, 'Mawlamyaing', '‌မောင်လမြိုင်ခရိုင်', 39, 11),
       (40, 'Sittwe', 'စစ်တွေခရိုင်', 40, 12),
       (41, 'Myauk Oo', 'မြောက်ဦးခရိုင်', 41, 12),
       (42, 'Maung Taw', '‌မောင်တောခရိုင်', 42, 12),
       (43, 'Kyaukphyu', '‌ကျောက်ဖြူခရိုင်', 43, 12),
       (44, 'Tantwe', 'သံတွဲခရိုင်', 44, 12),
       (45, 'North', '‌မြောက်ပိုင်းခရိုင်', 45, 13),
       (46, 'East', 'အရှေ့ပိုင်းခရိုင်', 46, 13),
       (47, 'South', '‌တောင်ပိုင်းခရိုင်', 47, 13),
       (48, 'West', 'အနောက်ပိုင်းခရိုင်', 48, 13),
       (49, 'Taung gyi', '‌တောင်ကြီးခရိုင်', 49, 14),
       (50, 'Loilin', 'လွိုင်လင်ခရိုင်', 50, 14),
       (51, 'Linkhay', 'လင်းခေးခရိုင်', 51, 14),
       (52, 'Lashio', 'လားရှိုးခရိုင်', 52, 15),
       (53, 'Muse', 'မူဆယ်ခရိုင်', 53, 15),
       (54, 'Kyaukme', '‌ကျောက်မဲခရိုင်', 54, 15),
       (55, 'Moe Mate', 'မိုးမိတ်ခရိုင်', 55, 15),
       (56, 'Kyaing Tone', 'ကျိုင်းတုံခရိုင်', 56, 16),
       (57, 'Mine Sat', 'မိုင်းဆတ်ခရိုင်', 57, 16),
       (58, 'Tarcheliek', 'တာချီလိတ်ခရိုင်', 58, 16),
       (59, 'Pathein', 'ပုသိမ်ခရိုင်', 59, 17),
       (60, 'Hinthada', 'ဟင်္သာတခရိုင်', 60, 17),
       (61, 'Myaung Mya', 'မြောင်းမြခရိုင်', 61, 17),
       (62, 'Lapywathar', 'လပွတ္တာခရိုင်', 62, 17),
       (63, 'Ma U Bin', 'မအူပင်ခရိုင်', 63, 17),
       (64, 'Phyar Pone', 'ဖျာပုံခရိုင်', 64, 17),
       (65, 'Dekkhina ', 'ဒက္ခိဏခရိုင်', 65, 18),
       (66, 'Ottara', 'ဥတ္တရခရိုင်', 66, 18);

DROP TABLE IF EXISTS `regions`;
CREATE TABLE `regions`
(
    `id`       int                                                           NOT NULL AUTO_INCREMENT,
    `name`     varchar(20) CHARACTER SET utf8mb4 COLLATE utf8mb4_unicode_ci  NOT NULL,
    `name_mm`  varchar(255) CHARACTER SET utf8mb4 COLLATE utf8mb4_unicode_ci NOT NULL,
    `order_no` int                                                           NOT NULL,
    PRIMARY KEY (`id`)
) ENGINE = InnoDB
  DEFAULT CHARSET = utf8mb4
  COLLATE = utf8mb4_unicode_ci;

INSERT INTO `regions` (`id`, `name`, `name_mm`, `order_no`)
VALUES (1, 'Kachin', 'ကချင်', 1),
       (2, 'Kayah', 'ကယား', 2),
       (3, 'Kayin', 'ကရင်', 3),
       (4, 'Chin', 'ချင်း', 4),
       (5, 'Sagaing', 'စစ်ကိုင်း', 5),
       (6, 'Tinitaryi ', 'တနင်္သာရီ', 6),
       (7, 'Pegu', 'ပဲခူး(အရှေ့)', 7),
       (8, 'Pegu', 'ပဲခူး(အနောက်)', 8),
       (9, 'Magway', 'မကွေး', 9),
       (10, 'Mandalay', 'မန္တလေး', 10),
       (11, 'Mun', 'မွန်', 11),
       (12, 'Rakhine', 'ရခိုင်', 12),
       (13, 'Yangon', 'ရန်ကုန်', 13),
       (14, 'Shan', 'ရှမ်း(တောင်)', 14),
       (15, 'Shan', 'ရှမ်း(မြောက်)', 15),
       (16, 'Shan', 'ရှမ်း(အရှေ့)', 16),
       (17, 'Irrawaddy', 'ဧရာဝတီ', 17),
       (18, 'Naypyidaw', '‌နေပြည်တော်', 18);

DROP TABLE IF EXISTS `townships`;
CREATE TABLE `townships`
(
    `id`          int                                                           NOT NULL AUTO_INCREMENT,
    `name`        varchar(30) CHARACTER SET utf8mb4 COLLATE utf8mb4_unicode_ci  NOT NULL,
    `name_mm`     varchar(255) CHARACTER SET utf8mb4 COLLATE utf8mb4_unicode_ci NOT NULL,
    `order_no`    int                                                           NOT NULL,
    `district_id` int                                                           NOT NULL,
    PRIMARY KEY (`id`)
) ENGINE = InnoDB
  DEFAULT CHARSET = utf8mb4
  COLLATE = utf8mb4_unicode_ci;

INSERT INTO `townships` (`id`, `name`, `name_mm`, `order_no`, `district_id`)
VALUES (1, 'မြစ်ကြီးနား', 'မြစ်ကြီးနား', 1, 1),
       (2, 'ဝိုင်းမော်', 'ဝိုင်းမော်', 2, 1),
       (3, 'တနိုင်း', 'တနိုင်း', 3, 1),
       (4, 'ချီဖွေ', 'ချီဖွေ', 4, 1),
       (5, '‌‌ဆော့လော်', '‌‌ဆော့လော်', 5, 1),
       (6, 'အင်ဂျန်းယန်', 'အင်ဂျန်းယန်', 6, 1),
       (7, 'မိုးညှင်း', 'မိုးညှင်း', 7, 2),
       (8, 'မိုးကောင်း', 'မိုးကောင်း', 8, 2),
       (9, 'ဖားကန့်', 'ဖားကန့်', 9, 2),
       (10, 'ဗန်းမော်', 'ဗန်းမော်', 10, 3),
       (11, 'မိုးမောက်', 'မိုးမောက်', 11, 3),
       (12, 'မန်စီ', 'မန်စီ', 12, 3),
       (13, 'ရွှေကူ', 'ရွှေကူ', 13, 3),
       (14, 'ပူတာအို', 'ပူတာအို', 14, 4),
       (15, 'မချမ်းဘော', 'မချမ်းဘော', 15, 4),
       (16, '‌နောင်မွန်', '‌နောင်မွန်', 16, 4),
       (17, '‌ခေါင်လန်ဖူး', 'ခေါင်လန်ဖူး', 17, 4),
       (18, 'ဆွမ်ပရာဘွမ်', 'ဆွမ်ပရာဘွမ်', 18, 4),
       (19, 'လွိုင်ကော်', 'လွိုင်ကော်', 19, 5),
       (20, 'ဒီးမော့ဆို', 'ဒီးမော့ဆို', 20, 5),
       (21, 'ဖရူဆို', 'ဖရူဆို', 21, 5),
       (22, 'ရှားတော', 'ရှားတော', 22, 5),
       (23, '‌ဘောလခဲ', '‌ဘောလခဲ', 23, 6),
       (24, 'ဖားဆောင်း', 'ဖားဆောင်း', 24, 6),
       (25, 'မယ်စဲ့', 'မယ်စဲ့', 25, 6),
       (26, 'ဘားအံ', 'ဘားအံ', 26, 7),
       (27, 'လှိုင်းဘွဲ', 'လှိုင်းဘွဲ', 27, 7),
       (28, 'သံတောင်ကြီး', 'သံတောင်ကြီး', 28, 7),
       (29, 'ဖာပွန်', 'ဖာပွန်', 29, 7),
       (30, '‌ကော့ကရိတ်', '‌ကော့ကရိတ်', 30, 8),
       (31, 'ကြာအင်းဆိပ်ကြီး', 'ကြာအင်းဆိပ်ကြီး', 31, 8),
       (32, 'မြဝတီ', 'မြဝတီ', 32, 8),
       (33, 'ဟားခါး', 'ဟားခါး', 33, 9),
       (34, 'ထန်တလန်', 'ထန်တလန်', 34, 9),
       (35, 'ဖလမ်း', 'ဖလမ်း', 35, 10),
       (36, 'တီးတိန်', 'တီးတိန်', 36, 10),
       (37, 'တွန်းဇံ', 'တွန်းဇံ', 37, 10),
       (38, 'မင်းတပ်', 'မင်းတပ်', 38, 11),
       (39, 'မတူပီ', 'မတူပီ', 39, 11),
       (40, 'ကန်ပက်လက်', 'ကန်ပက်လက်', 40, 11),
       (41, 'ပလက်ဝ', 'ပလက်ဝ', 41, 11),
       (42, 'စစ်ကိုင်း', 'စစ်ကိုင်း', 42, 12),
       (43, 'မြင်းမူ', 'မြင်းမူ', 43, 12),
       (44, 'မြောင်', 'မြောင်', 44, 12),
       (45, 'ရွှေဘို', 'ရွှေဘို', 45, 13),
       (46, 'ရေဦး', 'ရေဦး', 46, 13),
       (47, 'ကန့်ဘလူ', 'ကန့်ဘလူ', 47, 13),
       (48, 'ဝက်လက်', 'ဝက်လက်', 48, 13),
       (49, 'ခင်ဦး', 'ခင်ဦး', 49, 13),
       (50, 'တန့်ဆည်', 'တန့်ဆည်', 50, 13),
       (51, 'ကျွန်းလှ', 'ကျွန်းလှ', 51, 13),
       (52, 'ဒီပဲယင်း', 'ဒီပဲယင်း', 52, 13),
       (53, 'မုံရွာ', 'မုံရွာ', 53, 14),
       (54, 'ချောင်းဦး', 'ချောင်းဦး', 54, 14),
       (55, 'ဘုတလင်', 'ဘုတလင်', 55, 14),
       (56, 'အရာတော်', 'အရာတော်', 56, 14),
       (57, 'ယင်းမာပင်', 'ယင်းမာပင်', 57, 15),
       (58, 'ဆားလင်းကြီး', 'ဆားလင်းကြီး', 58, 15),
       (59, 'ပုလဲ', 'ပုလဲ', 59, 15),
       (60, 'ကနီ', 'ကနီ', 60, 15),
       (61, 'ကသာ', 'ကသာ', 61, 16),
       (62, 'ကောလင်း', 'ကောလင်း', 62, 16),
       (63, 'အင်းတော်', 'အင်းတော်', 63, 16),
       (64, 'ထီးချိုင့်', 'ထီးချိုင့်', 64, 16),
       (65, 'ပင်လည်ဘူး', 'ပင်လည်ဘူး', 65, 16),
       (66, 'ဗန်းမောက်', 'ဗန်းမောက်', 66, 16),
       (67, 'ဝန်းသို', 'ဝန်းသို', 67, 16),
       (68, 'ကလေး', 'ကလေး', 68, 17),
       (69, 'ကလေးဝ', 'ကလေးဝ', 69, 17),
       (70, 'မင်းကင်း', 'မင်းကင်း', 70, 17),
       (71, 'တမူး', 'တမူး', 71, 17),
       (72, 'မော်လိုက်', 'မော်လိုက်', 72, 18),
       (73, '‌ဖေါင်းပြင်', '‌ဖေါင်းပြင်', 73, 18),
       (74, 'ခန္တီး', 'ခန္တီး', 74, 19),
       (75, 'ဟုမ္မလင်း', 'ဟုမ္မလင်း', 75, 19),
       (76, 'လေရှီး', 'လေရှီး', 76, 19),
       (77, 'လဟယ်', 'လဟယ်', 77, 19),
       (78, 'နန်းယွန်း', 'နန်းယွန်း', 78, 19),
       (79, 'ထားဝယ်', 'ထားဝယ်', 79, 20),
       (80, 'ရေဖြူ', 'ရေဖြူ', 80, 20),
       (81, 'လောင်းလုံး', 'လောင်းလုံး', 81, 20),
       (82, 'သရက်ချောင်း', 'သရက်ချောင်း', 82, 20),
       (83, 'မြိတ်', 'မြိတ်', 83, 21),
       (84, 'ကျွန်းစု', 'ကျွန်းစု', 84, 21),
       (85, 'ပုလော', 'ပုလော', 85, 21),
       (86, 'တနင်္သာရီ', 'တနင်္သာရီ', 86, 21),
       (87, 'ကော့သောင်း', 'ကော့သောင်း', 87, 21),
       (88, 'ဘုတ်ပြင်း', 'ဘုတ်ပြင်း', 88, 21),
       (89, 'ပဲခူး', 'ပဲခူး', 89, 22),
       (90, 'ကဝ', 'ကဝ', 90, 22),
       (91, 'သနပ်ပင်', 'သနပ်ပင်', 91, 22),
       (92, 'ဝေါ', 'ဝေါ', 92, 22),
       (93, 'ဒိုက်ဦး', 'ဒိုက်ဦး', 93, 22),
       (94, '‌ညောင်လေးပင်', '‌ညောင်လေးပင်', 94, 22),
       (95, '‌ရွှေကျင်', '‌ရွှေကျင်', 95, 22),
       (96, '‌ကျောက်တံခါး', '‌ကျောက်တံခါး', 96, 22),
       (97, '‌တောင်ငူ', '‌တောင်ငူ', 97, 22),
       (98, '‌ရေတာရှည်', '‌ရေတာရှည်', 98, 23),
       (99, 'ထန်းတပင်', 'ထန်းတပင်', 99, 23),
       (100, 'အုတ်တွင်း', 'အုတ်တွင်း', 100, 23),
       (101, 'ဖြူး', 'ဖြူး', 101, 23),
       (102, 'ကျောက်ကြီး', 'ကျောက်ကြီး', 102, 23),
       (103, 'သာယာဝတီ', 'သာယာဝတီ', 103, 24),
       (104, 'လက်ပံတန်း', 'လက်ပံတန်း', 104, 24),
       (105, 'မင်းလှ', 'မင်းလှ', 105, 24),
       (106, 'မိုးညို', 'မိုးညို', 106, 24),
       (107, 'အုတ်ဖို', 'အုတ်ဖို', 107, 24),
       (108, 'ကြို့ပင်ကောက်', 'ကြို့ပင်ကောက်', 108, 24),
       (109, 'ဇီးကုန်း', 'ဇီးကုန်း', 109, 24),
       (110, 'နတ်တလင်း', 'နတ်တလင်း', 110, 24),
       (111, '‌ပေါင်းတည်', '‌ပေါင်းတည်', 111, 25),
       (112, 'သဲကုန်း', 'သဲကုန်း', 112, 25),
       (113, 'ရွှေတောင်', 'ရွှေတောင်', 113, 25),
       (114, 'ပန်းတောင်း', 'ပန်းတောင်း', 114, 25),
       (115, 'ပေါက်ခေါင်း', 'ပေါက်ခေါင်း', 115, 25),
       (116, 'ပြည်', 'ပြည်', 116, 25),
       (117, 'မကွေး', 'မကွေး', 117, 26),
       (118, '‌ရေနံချောင်း', '‌ရေနံချောင်း', 118, 26),
       (119, 'ချောက်', 'ချောက်', 119, 26),
       (120, 'တောင်တွင်းကြီး', 'တောင်တွင်းကြီး', 120, 26),
       (121, 'နတ်မောက်', 'နတ်မောက်', 121, 26),
       (122, 'မြို့သစ်', 'မြို့သစ်', 122, 26),
       (123, 'မင်းဘူး', 'မင်းဘူး', 123, 27),
       (124, 'ပွင့်ဖြူ', 'ပွင့်ဖြူ', 124, 27),
       (125, 'စလင်း', 'စလင်း', 125, 27),
       (126, 'စေတုတ္တရာ', 'စေတုတ္တရာ', 126, 27),
       (127, 'ငဖဲ', 'ငဖဲ', 127, 27),
       (128, 'သရက်', 'သရက်', 128, 28),
       (129, 'အောင်လံ', 'အောင်လံ', 129, 28),
       (130, 'ကံမ', 'ကံမ', 130, 28),
       (131, 'မင်းတုန်း', 'မင်းတုန်း', 131, 28),
       (132, 'မင်းလှ', 'မင်းလှ', 132, 28),
       (133, 'ဆင်ပေါင်ဝဲ', 'ဆင်ပေါင်ဝဲ', 133, 28),
       (134, 'ပခုက္ကူ', 'ပခုက္ကူ', 134, 29),
       (135, 'ရေစကြို', 'ရေစကြို', 135, 29),
       (136, 'ပေါက်', 'ပေါက်', 136, 29),
       (137, 'ဆိပ်ဖြူ', 'ဆိပ်ဖြူ', 137, 29),
       (138, 'မြိုင်', 'မြိုင်', 138, 29),
       (139, 'ဂန့်ဂေါ', 'ဂန့်ဂေါ', 139, 30),
       (140, 'ထီးလင်း', 'ထီးလင်း', 140, 30),
       (141, 'ဆော', 'ဆော', 141, 30),
       (142, 'အောင်မြေသာစံ', 'အောင်မြေသာစံ', 142, 31),
       (143, 'ချမ်းအေးသာစံ', 'ချမ်းအေးသာစံ', 143, 31),
       (144, 'မဟာအောင်မြေ', 'မဟာအောင်မြေ', 144, 31),
       (145, 'ချမ်းမြသာစည်', 'ချမ်းမြသာစည်', 145, 31),
       (146, 'ပြည်ကြီးတံခွန်', 'ပြည်ကြီးတံခွန်', 146, 31),
       (147, 'အမရပူရ', 'အမရပူရ', 147, 31),
       (148, 'ပုသိမ်ကြီး', 'ပုသိမ်ကြီး', 148, 31),
       (149, 'ပြင်ဦးလွင်', 'ပြင်ဦးလွင်', 149, 32),
       (150, 'မတ္တရာ', 'မတ္တရာ', 150, 32),
       (151, 'စဉ့်ကူး', 'စဉ့်ကူး', 151, 32),
       (152, 'သပိတ်ကျင်း', 'သပိတ်ကျင်း', 152, 32),
       (153, 'မိုးကုတ်', 'မိုးကုတ်', 153, 32),
       (154, 'ကျောက်ဆည်', 'ကျောက်ဆည်', 154, 33),
       (155, 'စဉ့်ကိုင်', 'စဉ့်ကိုင်', 155, 33),
       (156, 'တံတားဦး', 'တံတားဦး', 156, 33),
       (157, 'မြစ်သား', 'မြစ်သား', 157, 33),
       (158, 'မြင်းခြံ', 'မြင်းခြံ', 158, 34),
       (159, 'တောင်သာ', 'တောင်သာ', 159, 34),
       (160, 'နွားထိုးကြီး', 'နွားထိုးကြီး', 160, 34),
       (161, 'ငါန်းဇွန်', 'ငါန်းဇွန်', 161, 34),
       (162, 'ညောင်ဦး', 'ညောင်ဦး', 162, 35),
       (163, '‌ကျောက်ပန်းတောင်း', '‌ကျောက်ပန်းတောင်း', 163, 35),
       (164, 'မိတ္ထီလာ', 'မိတ္ထီလာ', 164, 36),
       (165, 'မလှိုင်', 'မလှိုင်', 165, 36),
       (166, 'ဝမ်းတွင်း', 'ဝမ်းတွင်း', 166, 36),
       (167, 'သာစည်', 'သာစည်', 167, 36),
       (168, 'ရမည်းသင်း', 'ရမည်းသင်း', 168, 37),
       (169, '‌ပျော်ဘွယ်', '‌ပျော်ဘွယ်', 169, 37),
       (170, 'ကျိုက်ထို', 'ကျိုက်ထို', 170, 38),
       (171, 'ဘီးလင်း', 'ဘီးလင်း', 171, 38),
       (172, 'သထုံ', 'သထုံ', 172, 38),
       (173, 'ပေါင်', 'ပေါင်', 173, 38),
       (174, 'မော်လမြိုင်', 'မော်လမြိုင်', 174, 39),
       (175, 'ချောင်းဆုံ', 'ချောင်းဆုံ', 175, 39),
       (176, 'ကျိုက်မရော', 'ကျိုက်မရော', 176, 39),
       (177, 'မုဒုံ', 'မုဒုံ', 177, 39),
       (178, 'သံဖြူဇရပ်', 'သံဖြူဇရပ်', 178, 39),
       (179, 'ရေး', 'ရေး', 179, 39),
       (180, 'စစ်တွေ', 'စစ်တွေ', 180, 40),
       (181, 'ပုဏ္ဏားကျွန်း', 'ပုဏ္ဏားကျွန်း', 181, 40),
       (182, 'ပေါက်တော', 'ပေါက်တော', 182, 40),
       (183, 'ရသေ့တောင်', 'ရသေ့တောင်', 183, 40),
       (184, 'မြောက်ဦး', 'မြောက်ဦး', 184, 41),
       (185, 'ကျောက်တော်', 'ကျောက်တော်', 185, 41),
       (186, 'မင်းပြား', 'မင်းပြား', 186, 41),
       (187, 'မြေပုံ', 'မြေပုံ', 187, 41),
       (188, 'မောင်တော', 'မောင်တော', 188, 42),
       (189, 'ဘူးသီးတောင်', 'ဘူးသီးတောင်', 189, 42),
       (190, 'ကျောက်ဖြူ', 'ကျောက်ဖြူ', 190, 43),
       (191, 'ရမ်းဗြဲ', 'ရမ်းဗြဲ', 191, 43),
       (192, 'မာန်အောင်', 'မာန်အောင်', 192, 43),
       (193, 'အမ်း', 'အမ်း', 193, 43),
       (194, 'သံတွဲ', 'သံတွဲ', 194, 44),
       (195, 'တောင်ကုတ်', 'တောင်ကုတ်', 195, 44),
       (196, 'ဂွ', 'ဂွ', 196, 44),
       (197, 'အင်းစိန်', 'အင်းစိန်', 197, 45),
       (198, 'မင်္ဂလာဒုံ', 'မင်္ဂလာဒုံ', 198, 45),
       (199, 'မှော်ဘီ', 'မှော်ဘီ', 199, 45),
       (200, 'လှည်းကူး', 'လှည်းကူး', 200, 45),
       (201, 'တိုက်ကြီး', 'တိုက်ကြီး', 201, 45),
       (202, 'ထန်းတပင်', 'ထန်းတပင်', 202, 45),
       (203, 'ရွှေပြည်သာ', 'ရွှေပြည်သာ', 203, 45),
       (204, 'လှိုင်သာယာ', 'လှိုင်သာယာ', 204, 45),
       (205, 'သင်္ဃန်းကျွန်း', 'သင်္ဃန်းကျွန်း', 205, 46),
       (206, 'ရန်ကင်း', 'ရန်ကင်း', 206, 46),
       (207, 'တောင်ဥက္ကလာ', 'တောင်ဥက္ကလာ', 207, 46),
       (208, 'မြောက်ဥက္ကလာ', 'မြောက်ဥက္ကလာ', 208, 46),
       (209, 'သာကေတ', 'သာကေတ', 209, 46),
       (210, 'ဒေါပုံ', 'ဒေါပုံ', 210, 46),
       (211, 'တာမွေ', 'တာမွေ', 211, 46),
       (212, 'ပုဇွန်တောင်', 'ပုဇွန်တောင်', 212, 46),
       (213, 'ဗိုလ်တထောင်', 'ဗိုလ်တထောင်', 213, 46),
       (214, 'မင်္ဂလာတောင်ညွန့်', 'မင်္ဂလာတောင်ညွန့်', 214, 46),
       (215, 'ဒဂုံမြို့သစ်မြောက်ပိုင်း', 'ဒဂုံမြို့သစ်မြောက်ပိုင်း', 215, 46),
       (216, 'ဒဂုံမြို့သစ်အရှေ့ပိုင်း', 'ဒဂုံမြို့သစ်အရှေ့ပိုင်း', 216, 46),
       (217, 'ဒဂုံမြို့သစ်တောင်ပိုင်း', 'ဒဂုံမြို့သစ်တောင်ပိုင်း', 217, 46),
       (218, 'ဒဂုံမြို့သစ်ဆိပ်ကမ်း', 'ဒဂုံမြို့သစ်ဆိပ်ကမ်း', 218, 46),
       (219, 'သန်လျင်', 'သန်လျင်', 219, 47),
       (220, 'ကျောက်တန်း', 'ကျောက်တန်း', 220, 47),
       (221, 'သုံးခွ', 'သုံးခွ', 221, 47),
       (222, 'ခရမ်း', 'ခရမ်း', 222, 47),
       (223, 'တွံတေး', 'တွံတေး', 223, 47),
       (224, 'ကွမ်းခြံကုန်း', 'ကွမ်းခြံကုန်း', 224, 47),
       (225, 'ကော့မှူး', 'ကော့မှူး', 225, 47),
       (226, 'ဒလ', 'ဒလ', 226, 47),
       (227, 'ဆိပ်ကြီးခနောင်တို', 'ဆိပ်ကြီးခနောင်တို', 227, 47),
       (228, 'ကိုကိုးကျွန်း', 'ကိုကိုးကျွန်း', 228, 47),
       (229, 'ကျောက်တံတား', 'ကျောက်တံတား', 229, 48),
       (230, 'လသာ', 'လသာ', 230, 48),
       (231, 'ပန်းဘဲတန်း', 'ပန်းဘဲတန်း', 231, 48),
       (232, 'အလုံ', 'အလုံ', 232, 48),
       (233, 'လမ်းမတော်', 'လမ်းမတော်', 233, 48),
       (234, 'ကြည့်မြင်တိုင်', 'ကြည့်မြင်တိုင်', 234, 48),
       (235, 'စမ်းချောင်း', 'စမ်းချောင်း', 235, 48),
       (236, 'ကမာရွတ်', 'ကမာရွတ်', 236, 48),
       (237, 'လှိုင်', 'လှိုင်', 237, 48),
       (238, 'မရမ်းကုန်း', 'မရမ်းကုန်း', 238, 48),
       (239, 'ဗဟန်း', 'ဗဟန်း', 239, 48),
       (240, 'ဒဂုံ', 'ဒဂုံ', 240, 48),
       (241, 'တောင်ကြီး', 'တောင်ကြီး', 241, 49),
       (242, 'ဟိုပုံး', 'ဟိုပုံး', 242, 49),
       (243, 'ညောင်ရွှေ', 'ညောင်ရွှေ', 243, 49),
       (244, 'ကလော', 'ကလော', 244, 49),
       (245, 'ဆီဆိုင်', 'ဆီဆိုင်', 245, 49),
       (246, 'ပင်းတယ', 'ပင်းတယ', 246, 49),
       (247, 'ရွာငံ', 'ရွာငံ', 247, 49),
       (248, 'ရပ်စောက်', 'ရပ်စောက်', 248, 49),
       (249, 'ပင်လောင်း', 'ပင်လောင်း', 249, 49),
       (250, 'ဖယ်ခုံ', 'ဖယ်ခုံ', 250, 49),
       (251, 'လွိုင်လင်', 'လွိုင်လင်', 251, 50),
       (252, 'လဲချား', 'လဲချား', 252, 50),
       (253, 'ကွန်ဟိန်း', 'ကွန်ဟိန်း', 253, 50),
       (254, 'ကျေးသီး', 'ကျေးသီး', 254, 50),
       (255, 'မိုင်းကိုင်', 'မိုင်းကိုင်', 255, 50),
       (256, 'မိုင်းရှူး', 'မိုင်းရှူး', 256, 50),
       (257, 'နမ့်စန်(တ)', 'နမ့်စန်(တ)', 257, 50),
       (258, 'လင်းခေး', 'လင်းခေး', 258, 51),
       (259, 'မိုးနဲ', 'မိုးနဲ', 259, 51),
       (260, 'မောက်မယ်', 'မောက်မယ်', 260, 51),
       (261, 'မိုင်းပန်', 'မိုင်းပန်', 261, 51),
       (262, 'လားရှိုး ', 'လားရှိုး ', 262, 52),
       (263, 'သိန်းနီ', 'သိန်းနီ', 263, 52),
       (264, 'တန့်ယန်း', 'တန့်ယန်း', 264, 52),
       (265, 'မိုင်းရယ်', 'မိုင်းရယ်', 265, 52),
       (266, 'ပန်ဆန်း', 'ပန်ဆန်း', 266, 52),
       (267, 'နားဖန်', 'နားဖန်', 267, 52),
       (268, 'ကွမ်းလုံ', 'ကွမ်းလုံ', 268, 52),
       (269, 'ဟိုပန်', 'ဟိုပန်', 269, 52),
       (270, '‌မိုင်းမော', '‌မိုင်းမော', 270, 52),
       (271, 'ပန်ဝိုင်', 'ပန်ဝိုင်', 271, 52),
       (272, '‌လောက်ကိုင်', '‌လောက်ကိုင်', 272, 52),
       (273, 'ကုန်းကြမ်း', 'ကုန်းကြမ်း', 273, 52),
       (274, 'မူဆယ် ', 'မူဆယ် ', 274, 53),
       (275, 'နမ့်ခမ်း', 'နမ့်ခမ်း', 275, 53),
       (276, 'ကွတ်ခိုင်', 'ကွတ်ခိုင်', 276, 53),
       (277, '‌ကျောက်မဲ ', '‌ကျောက်မဲ ', 277, 54),
       (278, 'သီပေါ', 'သီပေါ', 278, 54),
       (279, 'နောင်ချို', 'နောင်ချို', 279, 54),
       (280, 'နမ္မတူ', 'နမ္မတူ', 280, 54),
       (281, 'နမ့်ဆန်', 'နမ့်ဆန်', 281, 54),
       (282, 'မိုးမိတ်', 'မိုးမိတ်', 282, 55),
       (283, 'မဘိမ်း', 'မဘိမ်း', 283, 55),
       (284, 'မန်တုံ', 'မန်တုံ', 284, 55),
       (285, 'ကျိုင်းတုံ', 'ကျိုင်းတုံ', 285, 56),
       (286, 'မိုင်းခတ်', 'မိုင်းခတ်', 286, 56),
       (287, 'မိုင်းယန်း', 'မိုင်းယန်း', 287, 56),
       (288, 'မိုင်းလား', 'မိုင်းလား', 288, 56),
       (289, 'မိုင်းပျဉ်း', 'မိုင်းပျဉ်း', 289, 56),
       (290, 'မက်မန်း', 'မက်မန်း', 290, 56),
       (291, 'မိုင်းဆတ်', 'မိုင်းဆတ်', 291, 57),
       (292, 'မိုင်းတုံ', 'မိုင်းတုံ', 292, 57),
       (293, 'မိုင်းဖြတ်', 'မိုင်းဖြတ်', 293, 58),
       (294, 'မိုင်းယောင်း', 'မိုင်းယောင်း', 294, 58),
       (295, 'တာချီလိတ်', 'တာချီလိတ်', 295, 58),
       (296, 'ပုသိမ်', 'ပုသိမ်', 296, 59),
       (297, 'ကန်ကြီးထောင့်', 'ကန်ကြီးထောင့်', 297, 59),
       (298, 'ကျောင်းကုန်း', 'ကျောင်းကုန်း', 298, 59),
       (299, 'ကျုံပျော်', 'ကျုံပျော်', 299, 59),
       (300, 'ငပုတော', 'ငပုတော', 300, 59),
       (301, 'ရေကြည်', 'ရေကြည်', 301, 59),
       (302, 'သာပေါင်း', 'သာပေါင်း', 302, 59),
       (303, 'ဟင်္သာတ', 'ဟင်္သာတ', 303, 60),
       (304, 'ကြံခင်း', 'ကြံခင်း', 304, 60),
       (305, 'ဇလွန်', 'ဇလွန်', 305, 60),
       (306, 'မြန်အောင်', 'မြန်အောင်', 306, 60),
       (307, 'လေးမျက်နှာ', 'လေးမျက်နှာ', 307, 60),
       (308, 'အင်္ဂပူ', 'အင်္ဂပူ', 308, 60),
       (309, 'မြောင်းမြ', 'မြောင်းမြ', 309, 61),
       (310, 'ဝါးခယ်မ', 'ဝါးခယ်မ', 310, 61),
       (311, 'အိမ်မဲ', 'အိမ်မဲ', 311, 61),
       (312, 'လပွတ္တာ', 'လပွတ္တာ', 312, 62),
       (313, '‌မော်လမြိုင်ကျွန်း', '‌မော်လမြိုင်ကျွန်း', 313, 62),
       (314, 'မအူပင်', 'မအူပင်', 314, 63),
       (315, 'ညောင်တုန်း', 'ညောင်တုန်း', 315, 63),
       (316, 'ဓနုဖြူ', 'ဓနုဖြူ', 316, 63),
       (317, 'ပန်းတနော်', 'ပန်းတနော်', 317, 63),
       (318, 'ဖျာပုံ', 'ဖျာပုံ', 318, 64),
       (319, 'ကျိုက်လတ်', 'ကျိုက်လတ်', 319, 64),
       (320, 'ဒေးဒရဲ', 'ဒေးဒရဲ', 320, 64),
       (321, 'ဘိုကလေး', 'ဘိုကလေး', 321, 64),
       (322, 'ပျဉ်းမနား', 'ပျဉ်းမနား', 322, 65),
       (323, 'လယ်ဝေး', 'လယ်ဝေး', 323, 65),
       (324, 'ဇမ္ဗူသီရိ', 'ဇမ္ဗူသီရိ', 324, 65),
       (325, 'ဒက္ခိဏသီရိ', 'ဒက္ခိဏသီရိ', 325, 65),
       (326, 'ပုဗ္ဗသီရိ', 'ပုဗ္ဗသီရိ', 326, 66),
       (327, 'ဥတ္တရသီရိ', 'ဥတ္တရသီရိ', 327, 66),
       (328, 'ဇေယျာသီရိ', 'ဇေယျာသီရိ', 328, 66),
       (329, 'တပ်ကုန်း', 'တပ်ကုန်း', 329, 66);
